Project,Domain,NOP,TLOC
ant-1.8,parsers/generators/make,127.0,127559.0
antlr-3,parsers/generators/make,20.0,47443.0
aoi-2.8,3D/graphics/media,23.0,110009.0
argouml,diagram generator/data visualization,77.0,105806.0
aspectj,programming language,144.0,501762.0
axion-1,database,13.0,24163.0
azureus,database,473.0,495532.0
batik-1,3D/graphics/media,117.0,194715.0
castor-,middleware,381.0,219681.0
cayenne,database,235.0,198176.0
checkst,IDE,42.0,36641.0
cobertu,testing,34.0,54555.0
collect,tool,23.0,55398.0
colt-1.,SDK,24.0,35919.0
columba,tool,212.0,71905.0
compier,tool,78.0,400516.0
c_jdbc-,database,145.0,95527.0
derby-1,database,217.0,651118.0
display,diagram generator/data visualization,32.0,20498.0
drawswf,3D/graphics/media,34.0,27674.0
drjava-,IDE,30.0,89477.0
emma-2.,testing,33.0,23109.0
exoport,diagram generator/data visualization,413.0,96038.0
findbug,testing,67.0,110782.0
fitjava,testing,5.0,3457.0
fitlibr,testing,157.0,46588.0
freecol,games,51.0,106412.0
freecs-,tool,12.0,22645.0
freemin,diagram generator/data visualization,45.0,52757.0
galleon,3D/graphics/media,35.0,61137.0
ganttpr,tool,55.0,48615.0
geotool,SDK,894.0,876486.0
hadoop-,middleware,238.0,319868.0
heritri,tool,48.0,64916.0
hiberna,database,856.0,431693.0
hsqldb-,database,34.0,149722.0
htmluni,testing,43.0,100760.0
informa,middleware,26.0,13874.0
iReport,diagram generator/data visualization,120.0,218032.0
itext-5,diagram generator/data visualization,34.0,78348.0
ivatagr,middleware,94.0,24716.0
jag-6.1,tool,18.0,15699.0
james-2,tool,53.0,42767.0
jasml-0,tool,5.0,5728.0
jasperr,diagram generator/data visualization,61.0,169821.0
javacc-,parsers/generators/make,12.0,18287.0
jboss-5,middleware,1170.0,524942.0
jchempa,SDK,201.0,212803.0
jedit-4,tool,38.0,109515.0
jena-2.,middleware,48.0,65774.0
jext-5.,diagram generator/data visualization,59.0,60160.0
jFin_Da,SDK,26.0,8903.0
jfreech,tool,69.0,143062.0
jgraph-,tool,34.0,31818.0
jgraphp,tool,22.0,24208.0
jgrapht,tool,30.0,17232.0
jgroups,tool,28.0,96325.0
jhotdra,3D/graphics/media,66.0,79672.0
jmeter-,testing,175.0,94778.0
jmoney-,tool,4.0,8197.0
joggpla,3D/graphics/media,17.0,29878.0
jparse-,parsers/generators/make,4.0,24796.0
jpf-1.5,SDK,10.0,13342.0
jrat-1-,testing,77.0,13960.0
jre-1.6,programming language,425.0,923882.0
jrefact,tool,113.0,123400.0
jruby-1,programming language,139.0,244294.0
jspwiki,middleware,70.0,60250.0
jsXe-04,tool,14.0,18494.0
jtopen-,middleware,15.0,342032.0
jung-2.,diagram generator/data visualization,44.0,37918.0
junit-4,testing,28.0,6580.0
log4j-2,testing,64.0,33278.0
lucene-,tool,387.0,412996.0
marauro,games,41.0,17733.0
maven-3,parsers/generators/make,181.0,70933.0
megamek,games,37.0,242836.0
mvnforu,tool,75.0,105328.0
myfaces,middleware,277.0,343316.0
nakedob,IDE,496.0,133936.0
nekohtm,parsers/generators/make,7.0,7647.0
openjms,middleware,66.0,39435.0
oscache,middleware,22.0,7624.0
picocon,middleware,15.0,9253.0
pmd-4.2,testing,88.0,60739.0
poi-3.6,tool,212.0,203142.0
pooka-3,tool,28.0,44474.0
proguar,tool,35.0,62618.0
quartz-,middleware,51.0,28557.0
quickse,middleware,28.0,18339.0
quilt-0,testing,20.0,8020.0
roller-,tool,95.0,65657.0
rssowl-,tool,54.0,100650.0
sablecc,parsers/generators/make,5.0,28394.0
sandmar,tool,127.0,93210.0
springf,middleware,598.0,329358.0
squirre,database,3.0,6944.0
struts-,middleware,261.0,143431.0
sunflow,3D/graphics/media,22.0,21970.0
tapestr,middleware,144.0,97770.0
tomcat-,middleware,157.0,181185.0
trove-2,SDK,4.0,5845.0
velocit,diagram generator/data visualization,42.0,36982.0
wct-1.5,tool,130.0,52297.0
webmail,tool,19.0,10147.0
weka-3-,tool,113.0,272611.0
xalan-2,parsers/generators/make,89.0,183918.0
xerces-,parsers/generators/make,53.0,125973.0
xmojo-5,middleware,15.0,3952.0
