Project,Domain,NOP,TLOC,Files,Duplication,Issues,Maintainibility score,TD ratio (%)
ant-1.8,parsers/generators/make,127.0,127559.0,3044,758,2927,3,18.7
antlr-3,parsers/generators/make,20.0,47443.0,1600,986,2180,2,24.1
aoi-2.8,3D/graphics/media,23.0,110009.0,1915,2470,5172,2,33.4
argouml,diagram generator/data visualization,77.0,105806.0,6241,2428,6475,2,20.2
aspectj,programming language,144.0,501762.0,10951,6697,22862,2,43.1
axion-1,database,13.0,24163.0,540,322,985,2,24.0
azureus,database,473.0,495532.0,11329,3911,12859,3,19.7
batik-1,3D/graphics/media,117.0,194715.0,5647,2720,6471,2,21.7
castor-,middleware,381.0,219681.0,3709,935,2290,2,23.1
cayenne,database,235.0,198176.0,5426,2071,4990,2,22.6
checkst,IDE,42.0,36641.0,3137,1463,3805,3,14.7
cobertu,testing,34.0,54555.0,1489,238,790,3,10.1
collect,tool,23.0,55398.0,376,1430,3281,0,57.9
colt-1.,SDK,24.0,35919.0,1079,399,819,3,18.9
columba,tool,212.0,71905.0,1712,655,1595,2,32.0
compier,tool,78.0,400516.0,3270,573,1535,3,11.3
c_jdbc-,database,145.0,95527.0,8186,4539,12396,3,19.8
derby-1,database,217.0,651118.0,12008,4452,13301,2,20.9
display,diagram generator/data visualization,32.0,20498.0,622,43,218,3,14.2
drawswf,3D/graphics/media,34.0,27674.0,655,280,759,3,17.6
drjava-,IDE,30.0,89477.0,3155,996,2474,2,21.3
emma-2.,testing,33.0,23109.0,842,268,657,2,22.1
exoport,diagram generator/data visualization,413.0,96038.0,4987,906,1922,3,11.5
findbug,testing,67.0,110782.0,3291,715,3138,3,19.9
fitjava,testing,5.0,3457.0,273,46,116,2,30.8
fitlibr,testing,157.0,46588.0,5138,343,795,4,8.9
freecol,games,51.0,106412.0,2980,656,2877,2,22.7
freecs-,tool,12.0,22645.0,396,347,1077,2,32.0
freemin,diagram generator/data visualization,45.0,52757.0,2212,333,1133,3,14.4
galleon,3D/graphics/media,35.0,61137.0,1393,7656,1786,2,30.4
ganttpr,tool,55.0,48615.0,2163,316,921,3,13.5
geotool,SDK,894.0,876486.0,26062,10388,25389,3,19.0
hadoop-,middleware,238.0,319868.0,12014,2147,6636,2,43.4
heritri,tool,48.0,64916.0,1568,432,1549,3,14.6
hiberna,database,856.0,431693.0,10887,1565,5165,3,14.1
hsqldb-,database,34.0,149722.0,1668,1505,4832,2,27.0
htmluni,testing,43.0,100760.0,1594,253,10223,3,16.8
informa,middleware,26.0,13874.0,927,93,242,3,14.8
iReport,diagram generator/data visualization,120.0,218032.0,7024,2660,5687,2,22.1
itext-5,diagram generator/data visualization,34.0,78348.0,1139,803,2689,2,27.3
ivatagr,middleware,94.0,24716.0,1527,280,938,2,24.9
jag-6.1,tool,18.0,15699.0,1461,1288,2534,2,44.6
james-2,tool,53.0,42767.0,1335,389,1125,3,18.4
jasml-0,tool,5.0,5728.0,279,98,210,2,35.2
jasperr,diagram generator/data visualization,61.0,169821.0,5987,2517,5112,3,19.9
javacc-,parsers/generators/make,12.0,18287.0,470,228,676,2,38.0
jboss-5,middleware,1170.0,524942.0,12821,2860,7881,3,15.1
jchempa,SDK,201.0,212803.0,3453,224,583,2,20.4
jedit-4,tool,38.0,109515.0,3361,845,3530,2,21.4
jena-2.,middleware,48.0,65774.0,2408,451,1591,3,16.9
jext-5.,diagram generator/data visualization,59.0,60160.0,2252,515,1488,2,20.7
jFin_Da,SDK,26.0,8903.0,438,26,108,3,14.8
jfreech,tool,69.0,143062.0,1895,1785,4996,2,27.8
jgraph-,tool,34.0,31818.0,1142,320,1164,2,26.8
jgraphp,tool,22.0,24208.0,1005,338,859,2,23.0
jgrapht,tool,30.0,17232.0,808,110,301,4,9.2
jgroups,tool,28.0,96325.0,1345,552,2089,2,21.5
jhotdra,3D/graphics/media,66.0,79672.0,3412,1302,3024,2,24.6
jmeter-,testing,175.0,94778.0,277,729,1926,3,13.5
jmoney-,tool,4.0,8197.0,357,146,244,3,18.2
joggpla,3D/graphics/media,17.0,29878.0,1161,276,885,2,22.7
jparse-,parsers/generators/make,4.0,24796.0,320,256,575,2,37.8
jpf-1.5,SDK,10.0,13342.0,427,173,929,2,22.1
jrat-1-,testing,77.0,13960.0,2456,803,1273,2,26.0
jre-1.6,programming language,425.0,923882.0,19089,13422,34355,2,22.8
jrefact,tool,113.0,123400.0,3560,2647,6232,2,32.3
jruby-1,programming language,139.0,244294.0,9640,9746,21826,2,20.7
jspwiki,middleware,70.0,60250.0,1369,230,1216,3,17.1
jsXe-04,tool,14.0,18494.0,596,136,554,2,21.2
jtopen-,middleware,15.0,342032.0,4838,5434,10944,2,22.5
jung-2.,diagram generator/data visualization,44.0,37918.0,1406,466,1018,3,16.0
junit-4,testing,28.0,6580.0,398,23,62,4,5.0
log4j-2,testing,64.0,33278.0,1156,287,861,3,17.8
lucene-,tool,387.0,412996.0,8654,2867,7961,2,23.3
marauro,games,41.0,17733.0,582,175,372,3,12.2
maven-3,parsers/generators/make,181.0,70933.0,1634,534,1495,3,16.0
megamek,games,37.0,242836.0,6916,4662,10075,2,33.2
mvnforu,tool,75.0,105328.0,2436,1724,4443,2,30.1
myfaces,middleware,277.0,343316.0,6600,1968,8319,2,42.0
nakedob,IDE,496.0,133936.0,7386,828,1970,4,8.6
nekohtm,parsers/generators/make,7.0,7647.0,662,53,189,2,25.9
openjms,middleware,66.0,39435.0,1367,354,821,3,12.1
oscache,middleware,22.0,7624.0,672,55,185,2,28.3
picocon,middleware,15.0,9253.0,414,55,261,3,11.4
pmd-4.2,testing,88.0,60739.0,3698,694,2062,2,30.6
poi-3.6,tool,212.0,203142.0,8578,2141,4868,3,14.9
pooka-3,tool,28.0,44474.0,1236,637,1774,2,24.7
proguar,tool,35.0,62618.0,1483,897,1996,3,18.6
quartz-,middleware,51.0,28557.0,1193,429,866,2,23.6
quickse,middleware,28.0,18339.0,894,196,526,2,22.5
quilt-0,testing,20.0,8020.0,593,36,127,3,13.2
roller-,tool,95.0,65657.0,2851,1880,3660,0,58.9
rssowl-,tool,54.0,100650.0,4511,822,2469,2,21.3
sablecc,parsers/generators/make,5.0,28394.0,506,468,837,2,24.6
sandmar,tool,127.0,93210.0,3067,1471,3747,2,26.3
springf,middleware,598.0,329358.0,4221,1279,4112,3,13.3
squirre,database,3.0,6944.0,296,68,151,3,14.0
struts-,middleware,261.0,143431.0,6436,2575,6892,2,33.3
sunflow,3D/graphics/media,22.0,21970.0,434,684,1171,2,36.3
tapestr,middleware,144.0,97770.0,4189,296,964,4,9.4
tomcat-,middleware,157.0,181185.0,4129,1967,5968,2,24.3
trove-2,SDK,4.0,5845.0,970,78,125,3,18.8
velocit,diagram generator/data visualization,42.0,36982.0,1523,243,817,2,30.6
wct-1.5,tool,130.0,52297.0,3207,541,1534,3,17.0
webmail,tool,19.0,10147.0,2233,46,123,4,8.0
weka-3-,tool,113.0,272611.0,5912,4440,10504,2,27.9
xalan-2,parsers/generators/make,89.0,183918.0,3721,1519,4870,2,24.3
xerces-,parsers/generators/make,53.0,125973.0,1964,2041,5274,2,31.4
xmojo-5,middleware,15.0,3952.0,439,0,0,5,0.0
