Seed,Model_type,Model,Domain,PCA,RMSE,MAE
1,RF,"{'bootstrap': False, 'criterion': 'absolute_error', 'max_depth': 5, 'max_features': 3, 'min_samples_leaf': 6, 'min_samples_split': 2, 'n_estimators': 15, 'random_state': 1, 'verbose': 1}",False,True,5879.6462246110395,3262.8770041002385
1,XGB,"{'learning_rate': 0.14, 'loss': 'absolute_error', 'max_depth': 2, 'min_samples_split': 2, 'n_estimators': 25, 'random_state': 1, 'verbose': 1}",False,True,6018.202409219779,3214.4726238614207
1,MLP,"{'activation': 'relu', 'alpha': 0.05, 'hidden_layer_sizes': (16, 4), 'learning_rate': 'adaptive', 'max_iter': 100, 'solver': 'sgd'}",False,True,7655.565253854544,6127.766750041002
1,LR,"{'copy_X': True, 'fit_intercept': False, 'n_jobs': -1}",False,True,10373.424663474567,6255.706142242653
2,RF,"{'bootstrap': False, 'criterion': 'absolute_error', 'max_depth': 5, 'max_features': 4, 'min_samples_leaf': 4, 'min_samples_split': 2, 'n_estimators': 5, 'random_state': 2, 'verbose': 1}",False,False,9449.537478790224,4329.6851789467855
2,XGB,"{'learning_rate': 0.01, 'loss': 'absolute_error', 'max_depth': 2, 'min_samples_split': 0.5, 'n_estimators': 50, 'random_state': 2, 'verbose': 1}",False,False,9508.289324933587,3885.0595212989297
2,MLP,"{'activation': 'relu', 'alpha': 0.05, 'hidden_layer_sizes': (32, 16), 'learning_rate': 'constant', 'max_iter': 50, 'solver': 'sgd'}",False,False,9743.080075289907,5599.623485263511
2,LR,"{'copy_X': True, 'fit_intercept': False, 'n_jobs': -1}",False,False,15813.854626813862,12474.839080413176
3,RF,"{'bootstrap': False, 'criterion': 'absolute_error', 'max_depth': 5, 'max_features': 3, 'min_samples_leaf': 3, 'min_samples_split': 8, 'n_estimators': 1, 'random_state': 3, 'verbose': 1}",True,True,9765.407656454492,4480.844345508928
3,XGB,"{'learning_rate': 0.13, 'loss': 'absolute_error', 'max_depth': 4, 'min_samples_split': 4, 'n_estimators': 100, 'random_state': 3, 'verbose': 1}",True,True,9142.902352416126,4035.5613234476295
3,MLP,"{'activation': 'relu', 'alpha': 0.05, 'hidden_layer_sizes': (32, 8), 'learning_rate': 'adaptive', 'max_iter': 50, 'solver': 'sgd'}",True,True,9867.942301409808,4467.014382236832
3,LR,"{'copy_X': True, 'fit_intercept': False, 'n_jobs': -1}",True,True,10519.899691889505,5713.130949600758
4,RF,"{'bootstrap': False, 'criterion': 'absolute_error', 'max_depth': 10, 'max_features': 3, 'min_samples_leaf': 2, 'min_samples_split': 2, 'n_estimators': 15, 'random_state': 4, 'verbose': 1}",False,True,10182.502303302572,5173.205535838773
4,XGB,"{'learning_rate': 0.14, 'loss': 'absolute_error', 'max_depth': 6, 'min_samples_split': 2, 'n_estimators': 100, 'random_state': 4, 'verbose': 1}",False,True,10114.14245682717,5464.418533803127
4,MLP,"{'activation': 'relu', 'alpha': 0.05, 'hidden_layer_sizes': (16, 4), 'learning_rate': 'constant', 'max_iter': 150, 'solver': 'sgd'}",False,True,10471.229136791202,5157.207371827668
4,LR,"{'copy_X': True, 'fit_intercept': False, 'n_jobs': -1}",False,True,10638.593458426525,5803.165439694517
5,RF,"{'bootstrap': False, 'criterion': 'absolute_error', 'max_depth': 5, 'max_features': 3, 'min_samples_leaf': 4, 'min_samples_split': 2, 'n_estimators': 5, 'random_state': 5, 'verbose': 1}",True,False,6251.682542749012,3409.2168453199993
5,XGB,"{'learning_rate': 0.12, 'loss': 'absolute_error', 'max_depth': 4, 'min_samples_split': 4, 'n_estimators': 10, 'random_state': 5, 'verbose': 1}",True,False,5727.278997339202,2652.239892257483
5,MLP,"{'activation': 'relu', 'alpha': 0.0001, 'hidden_layer_sizes': (32, 16), 'learning_rate': 'adaptive', 'max_iter': 100, 'solver': 'sgd'}",True,False,21271.880692649134,8505.480755545872
5,LR,"{'copy_X': True, 'fit_intercept': True, 'n_jobs': -1}",True,False,13865.139288109282,11649.28051235557
